Tilt Angle (degrees),Thickness (nm),Power (kWh/m²/a),Grad Tilt (kWh/deg),Grad Thickness (kWh/nm)
0.0,0.0,334.2275085449219,2.5302529335021973,-1.3457767963409424
0.0,10.0,320.85626220703125,2.430351972579956,-1.3281147480010986
0.0,20.0,307.6622009277344,2.331831455230713,-1.3106179237365723
0.0,30.0,294.6874084472656,2.234666347503662,-1.2838752269744873
0.0,40.0,281.94537353515625,2.1380538940429688,-1.2645115852355957
0.0,50.0,269.3946533203125,2.043494462966919,-1.2456376552581787
0.0,60.0,257.1371154785156,1.9511903524398804,-1.1941170692443848
0.0,70.0,245.28428649902344,1.8608726263046265,-1.1764487028121948
0.0,80.0,233.9191131591797,1.7740579843521118,-1.1139848232269287
0.0,90.0,223.74591064453125,1.6941653490066528,-0.9238660335540771
0.0,100.0,214.82350158691406,1.623248815536499,-0.8739743828773499
0.0,110.0,208.8452911376953,1.5736641883850098,-0.20466385781764984
0.0,120.0,208.52371215820312,1.5620880126953125,0.029636681079864502
0.0,130.0,209.6305694580078,1.5606504678726196,0.17283567786216736
0.0,140.0,211.39794921875,1.5630398988723755,0.17330840229988098
0.0,150.0,212.74591064453125,1.5608807802200317,0.09590893983840942
0.0,160.0,213.4071044921875,1.553156852722168,0.08363264799118042
0.0,170.0,215.29917907714844,1.5485831499099731,0.23746266961097717
0.0,180.0,216.6147918701172,1.5393282175064087,0.19370120763778687
0.0,190.0,218.31996154785156,1.5455976724624634,-0.11062890291213989
0.0,200.0,217.3635711669922,1.5205134153366089,-0.9923050403594971
0.0,210.0,219.38909912109375,1.5249755382537842,-0.10554042458534241
0.0,220.0,217.97406005859375,1.505332589149475,-0.07607382535934448
0.0,230.0,216.85047912597656,1.4855623245239258,-0.16589924693107605
0.0,240.0,215.6444091796875,1.4633257389068604,-0.18180206418037415
0.0,250.0,214.1488494873047,1.4371812343597412,-0.11762434244155884
0.0,260.0,211.83624267578125,1.4099748134613037,-0.29275640845298767
0.0,270.0,208.7971649169922,1.3788063526153564,-0.314961314201355
0.0,280.0,205.54345703125,1.3498516082763672,-0.3348732590675354
0.0,290.0,202.13844299316406,1.322525143623352,-0.3447737693786621
0.0,300.0,199.02162170410156,1.297619104385376,-0.14083155989646912
10.0,0.0,353.4034118652344,1.6463501453399658,-1.4199113845825195
10.0,10.0,339.2958984375,1.5814200639724731,-1.4012125730514526
10.0,20.0,325.378173828125,1.5176433324813843,-1.3826770782470703
10.0,30.0,311.68939208984375,1.4547927379608154,-1.3546046018600464
10.0,40.0,298.2401123046875,1.3927630186080933,-1.3352503776550293
10.0,50.0,284.98895263671875,1.330581545829773,-1.314669132232666
10.0,60.0,272.05548095703125,1.2702497243881226,-1.2594736814498901
10.0,70.0,259.5511169433594,1.2124141454696655,-1.241487979888916
10.0,80.0,247.55567932128906,1.1566392183303833,-1.175767183303833
10.0,90.0,236.8336944580078,1.1047048568725586,-0.9728437066078186
10.0,100.0,227.43829345703125,1.0595473051071167,-0.9203096628189087
10.0,110.0,221.14938354492188,1.0256394147872925,-0.2114977240562439
10.0,120.0,220.86659240722656,1.017281174659729,0.037063270807266235
10.0,130.0,222.10299682617188,1.0139216184616089,0.19059818983078003
10.0,140.0,224.05258178710938,1.01396906375885,0.19073379039764404
10.0,150.0,225.55648803710938,1.0107496976852417,0.11195060610771179
10.0,160.0,226.36529541015625,1.004904866218567,0.1005282998085022
10.0,170.0,228.48529052734375,1.0032129287719727,0.2615627944469452
10.0,180.0,229.973876953125,0.9962640404701233,0.2185327112674713
10.0,190.0,232.00421142578125,0.9988406896591187,-0.10306134819984436
10.0,200.0,231.181640625,0.9829471111297607,-1.0213605165481567
10.0,210.0,233.50119018554688,0.9848477840423584,-0.10051393508911133
10.0,220.0,232.0912628173828,0.9713921546936035,-0.07331863045692444
10.0,230.0,230.9393768310547,0.9542084336280823,-0.17526620626449585
10.0,240.0,229.62869262695312,0.9349943995475769,-0.19885024428367615
10.0,250.0,227.99871826171875,0.9189233779907227,-0.12969201803207397
10.0,260.0,225.50010681152344,0.9012187719345093,-0.3149728775024414
10.0,270.0,222.23272705078125,0.8805462121963501,-0.3378472328186035
10.0,280.0,218.75294494628906,0.8608583211898804,-0.3564322590827942
10.0,290.0,215.13833618164062,0.8436747193336487,-0.36584481596946716
10.0,300.0,211.8474884033203,0.8292381167411804,-0.14645060896873474
20.0,0.0,363.24371337890625,0.642553448677063,-1.45659601688385
20.0,10.0,348.7686462402344,0.6177089214324951,-1.4379183053970337
20.0,20.0,334.4879455566406,0.5929343700408936,-1.418423056602478
20.0,30.0,320.44488525390625,0.5689457654953003,-1.389609456062317
20.0,40.0,306.6463928222656,0.5452823042869568,-1.3700016736984253
20.0,50.0,293.0454406738281,0.5217113494873047,-1.350105881690979
20.0,60.0,279.7696533203125,0.4981238842010498,-1.2924134731292725
20.0,70.0,266.94146728515625,0.4748176336288452,-1.273042917251587
20.0,80.0,254.64706420898438,0.45311710238456726,-1.2051255702972412
20.0,90.0,243.6620330810547,0.4333605170249939,-0.9952256679534912
20.0,100.0,234.05491638183594,0.41544219851493835,-0.9411849975585938
20.0,110.0,227.62197875976562,0.40096569061279297,-0.21469998359680176
20.0,120.0,227.3721466064453,0.39394107460975647,0.04272669553756714
20.0,130.0,228.6976318359375,0.3897706866264343,0.20260649919509888
20.0,140.0,230.76089477539062,0.3868403732776642,0.20132195949554443
20.0,150.0,232.36607360839844,0.3810969591140747,0.12271773815155029
20.0,160.0,233.28102111816406,0.3744550049304962,0.11363875865936279
20.0,170.0,235.5804901123047,0.3710424304008484,0.28220582008361816
20.0,180.0,237.2327880859375,0.3679186999797821,0.2395792305469513
20.0,190.0,239.49610900878906,0.36866360902786255,-0.09671688079833984
20.0,200.0,238.7811279296875,0.3591853976249695,-1.0278319120407104
20.0,210.0,241.322998046875,0.3594282865524292,-0.09464725852012634
20.0,220.0,239.94781494140625,0.34965425729751587,-0.07080584764480591
20.0,230.0,238.77264404296875,0.3394657373428345,-0.18182480335235596
20.0,240.0,237.40673828125,0.3305605351924896,-0.20570659637451172
20.0,250.0,235.7122039794922,0.32232967019081116,-0.13730761408805847
20.0,260.0,233.1041259765625,0.31463468074798584,-0.32711997628211975
20.0,270.0,229.70399475097656,0.3051459789276123,-0.35189124941825867
20.0,280.0,226.0911102294922,0.29507219791412354,-0.3694235384464264
20.0,290.0,222.35427856445312,0.2872683107852936,-0.37704527378082275
20.0,300.0,218.96221923828125,0.2808700203895569,-0.15124979615211487
30.0,0.0,364.26220703125,-0.35168665647506714,-1.4595630168914795
30.0,10.0,349.75811767578125,-0.3370605707168579,-1.4408899545669556
30.0,20.0,335.4467468261719,-0.3229128122329712,-1.421536922454834
30.0,30.0,321.3763732910156,-0.30870717763900757,-1.3924083709716797
30.0,40.0,307.5513000488281,-0.29475635290145874,-1.372757911682129
30.0,50.0,293.92303466796875,-0.28100723028182983,-1.353046178817749
30.0,60.0,280.61468505859375,-0.2680707573890686,-1.2954332828521729
30.0,70.0,267.756591796875,-0.2553018629550934,-1.276505947113037
30.0,80.0,255.4340057373047,-0.2435896098613739,-1.2073824405670166
30.0,90.0,244.4310302734375,-0.2335948348045349,-0.9963436722755432
30.0,100.0,234.8115997314453,-0.2250123769044876,-0.942106306552887
30.0,110.0,228.35317993164062,-0.22009998559951782,-0.21663816273212433
30.0,120.0,228.1037139892578,-0.22490310668945312,0.04332059621810913
30.0,130.0,229.4564666748047,-0.2303382307291031,0.20527982711791992
30.0,140.0,231.54193115234375,-0.23709382116794586,0.20332297682762146
30.0,150.0,233.16123962402344,-0.2435503751039505,0.1232309341430664
30.0,160.0,234.09129333496094,-0.2518633306026459,0.11741891503334045
30.0,170.0,236.4590301513672,-0.2574734091758728,0.28931450843811035
30.0,180.0,238.19564819335938,-0.26150089502334595,0.24923419952392578
30.0,190.0,240.5754852294922,-0.2615964710712433,-0.08522835373878479
30.0,200.0,239.94129943847656,-0.2617673873901367,-1.0191065073013306
30.0,210.0,242.56121826171875,-0.26577213406562805,-0.09109199047088623
30.0,220.0,241.19358825683594,-0.26793187856674194,-0.07244816422462463
30.0,230.0,240.02540588378906,-0.26745226979255676,-0.17967328429222107
30.0,240.0,238.66189575195312,-0.26797768473625183,-0.20867958664894104
30.0,250.0,236.934326171875,-0.27125483751296997,-0.142828106880188
30.0,260.0,234.28297424316406,-0.2700098752975464,-0.3308127820491791
30.0,270.0,230.83908081054688,-0.2667321264743805,-0.35647472739219666
30.0,280.0,227.17727661132812,-0.2642672061920166,-0.373948335647583
30.0,290.0,223.39691162109375,-0.2624657452106476,-0.3819276988506317
30.0,300.0,219.96665954589844,-0.26010435819625854,-0.15269199013710022
40.0,0.0,356.8454284667969,-1.3545827865600586,-1.4296116828918457
40.0,10.0,342.64117431640625,-1.300246238708496,-1.4109960794448853
40.0,20.0,328.62530517578125,-1.2466495037078857,-1.3921105861663818
40.0,30.0,314.84637451171875,-1.1938022375106812,-1.3631999492645264
40.0,40.0,301.30810546875,-1.1419165134429932,-1.3443814516067505
40.0,50.0,287.9621276855469,-1.0907533168792725,-1.3249948024749756
40.0,60.0,274.9258728027344,-1.0409002304077148,-1.2693887948989868
40.0,70.0,262.3290100097656,-0.9928674697875977,-1.2503459453582764
40.0,80.0,250.2547607421875,-0.946666955947876,-1.18326735496521
40.0,90.0,239.46798706054688,-0.9060453176498413,-0.9776331186294556
40.0,100.0,230.0309600830078,-0.8710724115371704,-0.9245083928108215
40.0,110.0,223.68417358398438,-0.8483726978302002,-0.21574920415878296
40.0,120.0,223.3857879638672,-0.8487905263900757,0.0365273654460907
40.0,130.0,224.6488037109375,-0.857178807258606,0.1950523853302002
40.0,140.0,226.62855529785156,-0.8682475090026855,0.19105833768844604
40.0,150.0,228.14456176757812,-0.8774682283401489,0.11366155743598938
40.0,160.0,228.9820556640625,-0.882237434387207,0.10953515768051147
40.0,170.0,231.2506866455078,-0.8928630352020264,0.27776071429252625
40.0,180.0,232.89332580566406,-0.9027948975563049,0.23987263441085815
40.0,190.0,235.2195281982422,-0.9086613655090332,-0.07735177874565125
40.0,200.0,234.61798095703125,-0.8970761299133301,-0.991366982460022
40.0,210.0,237.13880920410156,-0.9037612676620483,-0.09319058060646057
40.0,220.0,235.76138305664062,-0.8979525566101074,-0.07091382145881653
40.0,230.0,234.6260986328125,-0.8886306285858154,-0.1742372214794159
40.0,240.0,233.2886505126953,-0.8823055624961853,-0.20802628993988037
40.0,250.0,231.56260681152344,-0.8750780820846558,-0.14171656966209412
40.0,260.0,228.962646484375,-0.8639310002326965,-0.3238488733768463
40.0,270.0,225.6022186279297,-0.8500319123268127,-0.3481825590133667
40.0,280.0,222.02474975585938,-0.8328448534011841,-0.36527663469314575
40.0,290.0,218.31759643554688,-0.8175672292709351,-0.3750196695327759
40.0,300.0,214.94564819335938,-0.8058770895004272,-0.15097728371620178
50.0,0.0,341.6020202636719,-1.9456819295883179,-1.3698976039886475
50.0,10.0,327.9912414550781,-1.86727774143219,-1.352083683013916
50.0,20.0,314.5621032714844,-1.7896029949188232,-1.3338818550109863
50.0,30.0,301.35943603515625,-1.7132282257080078,-1.3062336444854736
50.0,40.0,288.3867492675781,-1.6382864713668823,-1.2882936000823975
50.0,50.0,275.5967712402344,-1.5644187927246094,-1.269675374031067
50.0,60.0,263.1028747558594,-1.4920928478240967,-1.216826319694519
50.0,70.0,251.02529907226562,-1.4225298166275024,-1.1988229751586914
50.0,80.0,239.44480895996094,-1.3560644388198853,-1.1352486610412598
50.0,90.0,229.08203125,-1.296419382095337,-0.9408247470855713
50.0,100.0,219.99380493164062,-1.243874192237854,-0.8901348114013672
50.0,110.0,213.85714721679688,-1.2069227695465088,-0.2151048183441162
50.0,120.0,213.4639892578125,-1.2028688192367554,0.023518264293670654
50.0,130.0,214.53982543945312,-1.2072513103485107,0.17152559757232666
50.0,140.0,216.28724670410156,-1.2158859968185425,0.17016178369522095
50.0,150.0,217.60069274902344,-1.220040202140808,0.09518513083457947
50.0,160.0,218.27899169921875,-1.21982741355896,0.09055235981941223
50.0,170.0,220.279296875,-1.227932333946228,0.24832943081855774
50.0,180.0,221.68028259277344,-1.231120228767395,0.21181827783584595
50.0,190.0,223.74813842773438,-1.2396454811096191,-0.07963448762893677
50.0,200.0,223.06202697753906,-1.2290247678756714,-0.9614397287368774
50.0,210.0,225.3739776611328,-1.2369142770767212,-0.0948018729686737
50.0,220.0,223.9971923828125,-1.2240655422210693,-0.07486188411712646
50.0,230.0,222.8418426513672,-1.2147349119186401,-0.17150139808654785
50.0,240.0,221.5457000732422,-1.199044942855835,-0.19553804397583008
50.0,250.0,219.94459533691406,-1.175942301750183,-0.1311233639717102
50.0,260.0,217.49078369140625,-1.1547915935516357,-0.3067860007286072
50.0,270.0,214.30203247070312,-1.133935570716858,-0.32974764704704285
50.0,280.0,210.92440795898438,-1.1120738983154297,-0.344804584980011
50.0,290.0,207.42347717285156,-1.0886996984481812,-0.3562486469745636
50.0,300.0,204.21334838867188,-1.068915605545044,-0.14631801843643188
60.0,0.0,317.76654052734375,-3.116706609725952,-1.275322675704956
60.0,10.0,305.09625244140625,-2.991462230682373,-1.258569598197937
60.0,20.0,292.5959167480469,-2.8676180839538574,-1.2412818670272827
60.0,30.0,280.3066101074219,-2.7460482120513916,-1.216137409210205
60.0,40.0,268.2301940917969,-2.626659393310547,-1.199195384979248
60.0,50.0,256.3233337402344,-2.5089168548583984,-1.1818863153457642
60.0,60.0,244.69033813476562,-2.3939290046691895,-1.1335338354110718
60.0,70.0,233.4379119873047,-2.282963275909424,-1.116834044456482
60.0,80.0,222.6396026611328,-2.1768808364868164,-1.0589107275009155
60.0,90.0,212.95822143554688,-2.0812244415283203,-0.880625307559967
60.0,100.0,204.44903564453125,-1.996045708656311,-0.8331944942474365
60.0,110.0,198.68064880371094,-1.9396178722381592,-0.2101168930530548
60.0,120.0,198.1810760498047,-1.9359147548675537,0.007503882050514221
60.0,130.0,199.02130126953125,-1.9446964263916016,0.14209698140621185
60.0,140.0,200.48255920410156,-1.9579706192016602,0.14282934367656708
60.0,150.0,201.54351806640625,-1.967983603477478,0.07075205445289612
60.0,160.0,201.98922729492188,-1.9702627658843994,0.06420910358428955
60.0,170.0,203.64976501464844,-1.977827548980713,0.21247020363807678
60.0,180.0,204.7676239013672,-1.9835320711135864,0.17068767547607422
60.0,190.0,206.4633331298828,-1.996477723121643,-0.09048336744308472
60.0,200.0,205.60716247558594,-1.9848347902297974,-0.9163474440574646
60.0,210.0,207.51853942871094,-2.0049760341644287,-0.1070505678653717
60.0,220.0,206.08726501464844,-1.9924957752227783,-0.08195200562477112
60.0,230.0,204.94622802734375,-1.9730985164642334,-0.16137567162513733
60.0,240.0,203.76611328125,-1.9462199211120605,-0.17593702673912048
60.0,250.0,202.3661651611328,-1.9154828786849976,-0.11043840646743774
60.0,260.0,200.18887329101562,-1.8762633800506592,-0.2772047817707062
60.0,270.0,197.2891082763672,-1.8359694480895996,-0.301688015460968
60.0,280.0,194.18528747558594,-1.7978143692016602,-0.3176882863044739
60.0,290.0,190.95484924316406,-1.7632286548614502,-0.32803264260292053
60.0,300.0,187.99148559570312,-1.7337584495544434,-0.13587558269500732
70.0,0.0,284.89654541015625,-3.6721315383911133,-1.1435396671295166
70.0,10.0,273.53643798828125,-3.5242409706115723,-1.1281986236572266
70.0,20.0,262.3309631347656,-3.3783724308013916,-1.1128840446472168
70.0,30.0,251.3114013671875,-3.235011100769043,-1.0906068086624146
70.0,40.0,240.48121643066406,-3.0942189693450928,-1.0755237340927124
70.0,50.0,229.80274963378906,-2.9554600715637207,-1.060162901878357
70.0,60.0,219.36532592773438,-2.8199918270111084,-1.0177679061889648
70.0,70.0,209.26211547851562,-2.6889700889587402,-1.0027737617492676
70.0,80.0,199.5613250732422,-2.5629236698150635,-0.951460599899292
70.0,90.0,190.84561157226562,-2.4490365982055664,-0.7945566177368164
70.0,100.0,183.1642303466797,-2.348278045654297,-0.7534991502761841
70.0,110.0,177.92440795898438,-2.2792186737060547,-0.1986866146326065
70.0,120.0,177.35311889648438,-2.269516944885254,-0.006511077284812927
70.0,130.0,177.96231079101562,-2.2747392654418945,0.11247995495796204
70.0,140.0,179.11679077148438,-2.286181688308716,0.11220595240592957
70.0,150.0,179.90545654296875,-2.2908143997192383,0.0457686185836792
70.0,160.0,180.1405792236328,-2.28377103805542,0.04184913635253906
70.0,170.0,181.46458435058594,-2.2884883880615234,0.17295143008232117
70.0,180.0,182.2394256591797,-2.2990803718566895,0.12307751178741455
70.0,190.0,183.47000122070312,-2.315584897994995,-0.10955095291137695
70.0,200.0,182.37387084960938,-2.2992396354675293,-0.8509290814399719
70.0,210.0,183.844482421875,-2.311612129211426,-0.11219921708106995
70.0,220.0,182.42025756835938,-2.2858223915100098,-0.08407166600227356
70.0,230.0,181.3188934326172,-2.261228322982788,-0.14860185980796814
70.0,240.0,180.2635040283203,-2.237785816192627,-0.15336021780967712
70.0,250.0,179.07931518554688,-2.209595203399658,-0.0891665518283844
70.0,260.0,177.25038146972656,-2.171962022781372,-0.2336675524711609
70.0,270.0,174.79298400878906,-2.123311758041382,-0.258396714925766
70.0,280.0,172.10238647460938,-2.072695255279541,-0.2776274085044861
70.0,290.0,169.26318359375,-2.028690814971924,-0.28921258449554443
70.0,300.0,166.62908935546875,-1.9863643646240234,-0.12319546937942505
80.0,0.0,243.93374633789062,-4.1928791999816895,-0.9786030054092407
80.0,10.0,234.2143096923828,-4.024207592010498,-0.9654387831687927
80.0,20.0,224.62490844726562,-3.8580334186553955,-0.9525632858276367
80.0,30.0,215.1931915283203,-3.6945269107818604,-0.9336361885070801
80.0,40.0,205.92031860351562,-3.5340452194213867,-0.9208143353462219
80.0,50.0,196.77633666992188,-3.375892162322998,-0.9077537655830383
80.0,60.0,187.83306884765625,-3.2214760780334473,-0.872331976890564
80.0,70.0,179.17227172851562,-3.07175350189209,-0.8598096370697021
80.0,80.0,170.84986877441406,-2.9279279708862305,-0.8166191577911377
80.0,90.0,163.35568237304688,-2.79732608795166,-0.6843349933624268
80.0,100.0,156.7285614013672,-2.681192398071289,-0.6497994661331177
80.0,110.0,152.1983184814453,-2.6015031337738037,-0.17645962536334991
80.0,120.0,151.6228485107422,-2.590156316757202,-0.015553370118141174
80.0,130.0,152.0403594970703,-2.5921781063079834,0.08555024862289429
80.0,140.0,152.92251586914062,-2.603057861328125,0.08535343408584595
80.0,150.0,153.48216247558594,-2.606616497039795,0.02661791443824768
80.0,160.0,153.55062866210938,-2.602846384048462,0.018417343497276306
80.0,170.0,154.46412658691406,-2.6157422065734863,0.12166090309619904
80.0,180.0,154.84442138671875,-2.6223409175872803,0.0751214325428009
80.0,190.0,155.59056091308594,-2.6342623233795166,-0.12382037937641144
80.0,200.0,154.3603973388672,-2.602619171142578,-0.7533519864082336
80.0,210.0,155.42344665527344,-2.609361171722412,-0.1064717024564743
80.0,220.0,154.11050415039062,-2.575248956680298,-0.08107586205005646
80.0,230.0,153.0997772216797,-2.547008991241455,-0.13193966448307037
80.0,240.0,152.16943359375,-2.520812511444092,-0.1300172507762909
80.0,250.0,151.18052673339844,-2.490880250930786,-0.07148274779319763
80.0,260.0,149.69215393066406,-2.4537556171417236,-0.19113320112228394
80.0,270.0,147.68612670898438,-2.4059228897094727,-0.2098686844110489
80.0,280.0,145.4908905029297,-2.355087995529175,-0.22825263440608978
80.0,290.0,143.14393615722656,-2.304499864578247,-0.2407064586877823
80.0,300.0,140.9493408203125,-2.258326768875122,-0.101622074842453
90.0,0.0,196.65158081054688,-3.9461987018585205,-0.7875097393989563
90.0,10.0,188.8280792236328,-3.7876455783843994,-0.7771971821784973
90.0,20.0,181.10702514648438,-3.6312177181243896,-0.7668865919113159
90.0,30.0,173.51097106933594,-3.4774818420410156,-0.7521573901176453
90.0,40.0,166.03887939453125,-3.326476573944092,-0.7421059608459473
90.0,50.0,158.66864013671875,-3.1776604652404785,-0.7321442365646362
90.0,60.0,151.45668029785156,-3.0319557189941406,-0.7037535905838013
90.0,70.0,144.46917724609375,-2.8905768394470215,-0.6939810514450073
90.0,80.0,137.75128173828125,-2.7540080547332764,-0.6590894460678101
90.0,90.0,131.69134521484375,-2.6298506259918213,-0.554721474647522
90.0,100.0,126.31852722167969,-2.5171563625335693,-0.5266793370246887
90.0,110.0,122.649169921875,-2.439159631729126,-0.14458876848220825
90.0,120.0,122.14976501464844,-2.4226186275482178,-0.016077622771263123
90.0,130.0,122.43144989013672,-2.422069787979126,0.06199119985103607
90.0,140.0,123.07062530517578,-2.429281711578369,0.06059347093105316
90.0,150.0,123.41837310791016,-2.4311091899871826,0.007727131247520447
90.0,160.0,123.32179260253906,-2.4228005409240723,-0.002721235156059265
90.0,170.0,123.86982727050781,-2.4242961406707764,0.07889479398727417
90.0,180.0,123.97283172607422,-2.4185543060302734,0.04021860659122467
90.0,190.0,124.36251831054688,-2.4160537719726562,-0.11927883327007294
90.0,200.0,123.17826843261719,-2.374074935913086,-0.6306682229042053
90.0,210.0,123.866455078125,-2.375476598739624,-0.09578987956047058
90.0,220.0,122.7346420288086,-2.3408730030059814,-0.07154534757137299
90.0,230.0,121.86346435546875,-2.3092422485351562,-0.11145845055580139
90.0,240.0,121.07095336914062,-2.2820656299591064,-0.10672672092914581
90.0,250.0,120.26182556152344,-2.2556934356689453,-0.05590850114822388
90.0,260.0,119.09760284423828,-2.2239937782287598,-0.14877746999263763
90.0,270.0,117.54344177246094,-2.181720018386841,-0.16254468262195587
90.0,280.0,115.84162139892578,-2.1349244117736816,-0.17695310711860657
90.0,290.0,114.00382995605469,-2.086202621459961,-0.18977360427379608
90.0,300.0,112.2739028930664,-2.0430543422698975,-0.07929302752017975
